section heading,current speed,elapsed time
THE STORY OF ART,1,80.2
PREHISTORIC ART,1.01988781234,496.67
THE STONE AGE,1.05913503972,1248.35
THE IRON AGE,1.09150445698,1807.29
ABORIGINAL ART,1.11524163569,2188.57
THE BRONZE AGE,1.14372855509,2614.27
EARLY CIVILISATIONS,1.15473441109,2771.14
TRIBAL ART,1.2177795819,3582.31
EMPIRES,1.25182557897,3971.81
ART AND RELIGION,1.27415587173,4209.8
EGYPTIAN ART,1.35593220339,4987.61
ETRUSCAN ART,1.41509433962,5465.11
BYZANTINE ART,1.42619443784,5549.74
GRECO ROMAN ART,1.44927536232,5717
ISLAMIC ART,1.57728706625,6513.1
CHINESE ART BY CONTRAST IN THE FAR EAST, HOME OF BUDDHISM, REPRESENTATIONAL PAINTING AND SCULPTURE FEATURED AMONGST THE HIGHEST ACHIEVEMENTS OF ARTISTS,1.62733930024,6775.89
JAPANESE ART,1.70454545455,7137.06
CHRISTIAN ART,1.80831826401,7548.35
MEDIEVAL ART,2,8150.2
THE RENAISSANCE,2.08116545265,9297.97
THE AGE OF PATRONAGE,2.11193241816,9698.86
PERSPECTIVE,2.13219616205,9953.47
THE STILL LIFE,2.55102040816,13933.6
DUTCH PAINTING,2.74725274725,15204.52
HISTORY PAINTING,5,16075.36
THE SUBLIME,5.40540540541,16976.71
THE PRE RAPHAELITES,5.68181818182,17485.94
ORIENTALISM,5.92885375494,17879.02
REALISM,6.09756097561,18118.7
THE INVENTION OF PHOTOGRAPHY,6.31578947368,18408.96
IMPRESSIONISM,6.88073394495,19019.68
SYMBOLISM,7.26392251816,19367.88
FAUVISM,7.93650793651,19842.46
CUBISM,8,19880.14
EARLY TWENTIETH CENTURY SCULPTURE,8.33333333333,20527.08
SURREALISM,8.52272727273,20868.82
DADA,8.72093023256,21168.32
FUTURISM,8.98203592814,21575.66
EARLY PHOTOGRAPHY,9.14634146341,21833.86
THE MOVING IMAGE,9.23076923077,21951.28
THE BAUHAUS,9.31677018634,22041.86
CONSTRUCTIVISM,9.40438871473,22144.54
SUPREMATISM,9.43396226415,22201.9
GERMAN EXPRESSIONISM,9.52380952381,22315.84
THE ST IVES GROUP,10,22850.9
THE COBRA GROUP,10.1351351351,23136.84
ABSTRACTION,10.1694915254,23166.36
ABSTRACT EXPRESSIONISM,10.4529616725,23701.62
MINIMALISM,10.6382978723,24008.5
TOWARDS POP ART,10.8303249097,24309.98
POP ART,11.0294117647,24589.76
CONCEPTUAL ART,11.673151751,25462.06
ART AND POLITICS,12.0481927711,25891.76
THE SITUATIONIST INTERNATIONAL DEBORD GUY FOUNDER AND LEADER OF THE SITUATIONIST INTERNATIONAL, A PARIS BASED GROUP OF INTERNATIONAL ARTISTS WHO WERE INTERESTED IN DEBORD&APOS;S REVOLUTIONARY IDEAS (AND POLITICS),12.1457489879,25971.18
EXPERIMENTAL FILM,12.8755364807,26711.12
SITE SPECIFIC ART ! GORDON MATTA CLARK,13.0434782609,26840.98
FIGURATIVE PAINTING IN BRITIAN EARLY TWENTIETH CENTURY MANY FUGRUATVIE PAINTERS EGNAGED IN A GRITTY REALIMS THAT ECHOED THE POST WAR REALITY,13.1578947368,26941.96
EARLY TWENTIETH CENTURY SCULPTURE,13.7614678899,27455.3
END OF SIXTH PART,15,28261.9
